id,category,name,date,url,quality,notes
PW-METHOD,Methodology,Pirate Wires — The Bezos List,2024-06-01,https://www.piratewires.com/p/the-bezos-list-the-top-20-founders,Secondary / methodology reference,Reference formula: market value minus founder stake minus outside equity capital.
CG-BTC,Market value,CoinGecko — Bitcoin,2026-07-30,https://api.coingecko.com/api/v3/coins/bitcoin/history?date=30-07-2026&localization=false,Market-data aggregator,Coin History by ID response at 00:00 UTC.
CG-ETH,Market value,CoinGecko — Ethereum,2026-07-30,https://api.coingecko.com/api/v3/coins/ethereum/history?date=30-07-2026&localization=false,Market-data aggregator,Coin History by ID response at 00:00 UTC.
CG-BNB,Market value,CoinGecko — BNB,2026-07-30,https://api.coingecko.com/api/v3/coins/bnb/history?date=30-07-2026&localization=false,Market-data aggregator,Coin History by ID response at 00:00 UTC.
CG-XRP,Market value,CoinGecko — XRP,2026-07-30,https://api.coingecko.com/api/v3/coins/ripple/history?date=30-07-2026&localization=false,Market-data aggregator,Coin History by ID response at 00:00 UTC.
CG-SOL,Market value,CoinGecko — Solana,2026-07-30,https://api.coingecko.com/api/v3/coins/solana/history?date=30-07-2026&localization=false,Market-data aggregator,Coin History by ID response at 00:00 UTC.
CG-TRX,Market value,CoinGecko — TRON,2026-07-30,https://api.coingecko.com/api/v3/coins/tron/history?date=30-07-2026&localization=false,Market-data aggregator,Coin History by ID response at 00:00 UTC.
CG-HYPE,Market value,CoinGecko — Hyperliquid,2026-07-30,https://api.coingecko.com/api/v3/coins/hyperliquid/history?date=30-07-2026&localization=false,Market-data aggregator,Coin History by ID response at 00:00 UTC.
CG-DOGE,Market value,CoinGecko — Dogecoin,2026-07-30,https://api.coingecko.com/api/v3/coins/dogecoin/history?date=30-07-2026&localization=false,Market-data aggregator,Coin History by ID response at 00:00 UTC.
CG-ADA,Market value,CoinGecko — Cardano,2026-07-30,https://api.coingecko.com/api/v3/coins/cardano/history?date=30-07-2026&localization=false,Market-data aggregator,Coin History by ID response at 00:00 UTC.
CG-LINK,Market value,CoinGecko — Chainlink,2026-07-30,https://api.coingecko.com/api/v3/coins/chainlink/history?date=30-07-2026&localization=false,Market-data aggregator,Coin History by ID response at 00:00 UTC.
CG-XLM,Market value,CoinGecko — Stellar,2026-07-30,https://api.coingecko.com/api/v3/coins/stellar/history?date=30-07-2026&localization=false,Market-data aggregator,Coin History by ID response at 00:00 UTC.
CG-CANTON,Market value,CoinGecko — Canton,2026-07-30,https://api.coingecko.com/api/v3/coins/canton-network/history?date=30-07-2026&localization=false,Market-data aggregator,Coin History by ID response at 00:00 UTC.
CG-LTC,Market value,CoinGecko — Litecoin,2026-07-30,https://api.coingecko.com/api/v3/coins/litecoin/history?date=30-07-2026&localization=false,Market-data aggregator,Coin History by ID response at 00:00 UTC.
CG-HBAR,Market value,CoinGecko — Hedera,2026-07-30,https://api.coingecko.com/api/v3/coins/hedera-hashgraph/history?date=30-07-2026&localization=false,Market-data aggregator,Coin History by ID response at 00:00 UTC.
CG-SUI,Market value,CoinGecko — Sui,2026-07-30,https://api.coingecko.com/api/v3/coins/sui/history?date=30-07-2026&localization=false,Market-data aggregator,Coin History by ID response at 00:00 UTC.
CG-AVAX,Market value,CoinGecko — Avalanche,2026-07-30,https://api.coingecko.com/api/v3/coins/avalanche-2/history?date=30-07-2026&localization=false,Market-data aggregator,Coin History by ID response at 00:00 UTC.
CG-UNI,Market value,CoinGecko — Uniswap,2026-07-30,https://api.coingecko.com/api/v3/coins/uniswap/history?date=30-07-2026&localization=false,Market-data aggregator,Coin History by ID response at 00:00 UTC.
CG-NEAR,Market value,CoinGecko — NEAR,2026-07-30,https://api.coingecko.com/api/v3/coins/near/history?date=30-07-2026&localization=false,Market-data aggregator,Coin History by ID response at 00:00 UTC.
CG-ONDO,Market value,CoinGecko — Ondo,2026-07-30,https://api.coingecko.com/api/v3/coins/ondo-finance/history?date=30-07-2026&localization=false,Market-data aggregator,Coin History by ID response at 00:00 UTC.
CG-TAO,Market value,CoinGecko — Bittensor,2026-07-30,https://api.coingecko.com/api/v3/coins/bittensor/history?date=30-07-2026&localization=false,Market-data aggregator,Coin History by ID response at 00:00 UTC.
CG-AAVE,Market value,CoinGecko — Aave,2026-07-30,https://api.coingecko.com/api/v3/coins/aave/history?date=30-07-2026&localization=false,Market-data aggregator,Coin History by ID response at 00:00 UTC.
CG-SKY,Market value,CoinGecko — Sky,2026-07-30,https://api.coingecko.com/api/v3/coins/sky/history?date=30-07-2026&localization=false,Market-data aggregator,Coin History by ID response at 00:00 UTC.
CG-MORPHO,Market value,CoinGecko — Morpho,2026-07-30,https://api.coingecko.com/api/v3/coins/morpho/history?date=30-07-2026&localization=false,Market-data aggregator,Coin History by ID response at 00:00 UTC.
CG-DOT,Market value,CoinGecko — Polkadot,2026-07-30,https://api.coingecko.com/api/v3/coins/polkadot/history?date=30-07-2026&localization=false,Market-data aggregator,Coin History by ID response at 00:00 UTC.
CG-ICP,Market value,CoinGecko — Internet Computer,2026-07-30,https://api.coingecko.com/api/v3/coins/internet-computer/history?date=30-07-2026&localization=false,Market-data aggregator,Coin History by ID response at 00:00 UTC.
COIN-MARKETCAP,Market value,COIN market capitalization snapshot,2026-07-30,https://finance.yahoo.com/quote/COIN/,Market-data reference,"Refresh with current price and shares; this workbook snapshot uses $42,599,649,750."
COIN-PROXY-2026,Founder ownership,Coinbase 2026 proxy statement,2026-03-31,https://www.sec.gov/Archives/edgar/data/1679788/000167978826000045/coin-20260424.htm,Primary / SEC filing,Brian Armstrong and Fred Ehrsam share ownership. Workbook values founder shares at the same snapshot equity price.
COIN-FUNDING,Capital,Crunchbase News — Coinbase direct listing,2021-04-14,https://news.crunchbase.com/fintech-ecommerce/coinbase-chooses-direct-listing/,Secondary,Reports $547.3M known venture funding; reconciliation required.
COIN-BRIAN-WALLET,Wallet attribution,barmstrong.eth / Etherscan,,https://etherscan.io/address/0x5b76f5b8fc9d700624f78208132f91ad4e61a1f0,Explorer + public profile,Supplementary; not used for COIN equity exclusion.
ARK-SATOSHI,Founder holdings,Arkham — Satoshi Nakamoto entity/research,2026-01-01,https://info.arkm.com/research/the-10-richest-crypto-holders-individuals-2026,Researcher attribution,"Cluster estimate, approximately 22,000 addresses; reprice on snapshot date."
ARK-VITALIK,Founder holdings,Arkham — Vitalik Buterin net worth,,https://info.arkm.com/research/vitalik-buterin-net-worth,Researcher attribution,Use as discovery; verify addresses on explorer.
ETH-VITALIK-1,Wallet attribution,Etherscan — vitalik.eth,,https://etherscan.io/address/0xd8dA6BF26964aF9D7eEd9e03E53415D37aA96045,Explorer label,High-confidence public address.
ETH-VITALIK-2,Wallet attribution,Etherscan — Vitalik historical wallet,,https://etherscan.io/address/0xAb5801a7D398351b8bE11C439e05C5B3259aeC9B,Explorer label,Historical; deduplicate transfers.
CZ-WALLET,Wallet attribution,BscScan — CZ public-purpose wallet,2025-02-18,https://bscscan.com/address/0x28816c4c4792467390c90e5b426f198570e29307,Self/public disclosure for this wallet,Not evidence of total CZ holdings.
XRP-LARSEN,Wallet attribution,XRPScan — Chris Larsen-linked account,,https://xrpscan.com/account/rhREXVHV938ToGkdJQ9NCYEY4x8kSEtjna,Explorer + reporting,Reconcile related accounts.
ARK-ANATOLY,Wallet attribution,Arkham — Anatoly Yakovenko research,2026-01-01,https://info.arkm.com/research/anatoly-yakovenko-net-worth-and-on-chain-holdings-in-2026,Researcher; explicitly unconfirmed,Low confidence; do not publish as confirmed.
ARK-JUSTIN,Wallet attribution,Arkham — Justin Sun entity,,https://arkm.com/explorer/entity/justin-sun,Researcher attribution,Multi-chain entity; only count eligible project token.
UNI-HAYDEN,Wallet attribution,Hayden Adams self-disclosed wallet,2024-02-13,https://x.com/haydenzadams/status/1757634026511167984,Primary / self-disclosure,Reconfirm currentness.
AAVE-STANI,Wallet attribution,Etherscan — Stani-linked wallet,,https://etherscan.io/address/0x2e21f5d32841cf8c7da805185a041400bf15f21a,Explorer/researcher,Verify ownership/currentness.
AAVE-STANI-SAFE,Wallet attribution,Etherscan — Stani-linked Safe,,https://etherscan.io/address/0x47ca539b3f546078d97bd851130741c6bf370100,Researcher attribution,Verify Safe owners.
SOL-2021-SALE,Capital,Solana Labs $314.15M private token sale,2021-06-09,https://solana.com/news/solana-labs-completes-a-314-15m-private-token-sale-led-by-andreessen-horowitz-and-polychain-capital,Primary / company announcement,Verified round only.
XRP-SERIES-A,Capital,Ripple $32M Series A,2015-05-19,https://ripple.com/ripple-press/ripple-adds-santander-innoventures-fund-as-series-a-investor/,Primary / company announcement,Directly states the $32 million Series A investment.
XRP-SERIES-B,Capital,Ripple $55M Series B,2016-09-15,https://ripple.com/ripple-press/ripple-raises-55-million-series-b-funding/,Primary / company announcement,Directly states the $55 million Series B amount.
XRP-SERIES-C,Capital,Ripple $200M Series C,2019-12-20,https://www.coindesk.com/business/2019/12/20/ripple-raises-200m-in-series-c-round-led-by-tetragon,Reliable secondary,Directly reports the $200 million Series C amount.
XRP-STRATEGIC-2025,Capital,Ripple $500M strategic investment,2025-11-05,https://ripple.com/ripple-press/ripple-announces-500-million-strategic-investment-led-by-fortress-citadel-securities-valuing-the-company-at-40-billion-following-record-growth/,Primary / company announcement,Directly states the $500 million strategic investment.
LINK-2017-SALE,Capital,Chainlink $32M token sale,2017-09-20,https://venturebeat.com/business/chainlink-raises-32-million-to-connect-blockchains-with-external-data,Reliable secondary,Directly reports the $32 million token sale amount.
BTC-REVIEWED-ZERO,Capital,Bitcoin reviewed $0 outside funding,,https://medium.com/@nic__carter/in-support-of-the-proof-of-work-un-fair-launch-cd6e8f06358f,Reliable secondary,Directly describes Bitcoin as fair-launched with no venture backers.
DOGE-REVIEWED-ZERO,Capital,Dogecoin reviewed $0 outside funding,,https://www.galaxy.com/insights/research/dogecoin-shitcoin-honest,Reliable secondary,Directly describes a fair launch without presale pre-mine or VC fundraise.
HYPE-REVIEWED-ZERO,Capital,Hyperliquid reviewed $0 outside funding,,https://hyperliquid.gitbook.io/hyperliquid-docs/about-hyperliquid/hyperliquid-101-for-non-crypto-audiences,Primary / official documentation,Directly states Hyperliquid was fully self-funded with no VCs or external capital.
XRP-EARLY-ROUND,Capital,Ripple early financing estimate,,https://microventures.com/secondary-market/companies/ripple,Secondary / estimate,Discovery context only; not a directly reconciled financing amount.
SUI-INITIAL-ROUND,Capital,Mysten Labs $36M initial round,2021-12-06,https://x.com/SuiNetwork/status/1467903477393158147,Primary / company announcement,Directly states Mysten Labs raised $36 million in its first funding round.
SUI-SERIES-B,Capital,Mysten Labs $300M Series B,2022-09-08,https://www.businesswire.com/news/home/20220908005607/en/Mysten-Labs-Raises-%24300-Million-to-Onboard-Next-Billion-Users-to-Web3,Primary / company announcement,Directly states the $300 million Series B amount.
UNI-SERIES-B,Capital,Uniswap Labs Series B,2022-10-13,https://blog.uniswap.org/bringing-web3-to-everyone,Primary / company announcement,Directly states the $165 million Series B amount.
ONDO-SERIES-A,Capital,Ondo Finance Series A,2022-04-27,https://www.coindesk.com/business/2022/04/27/founders-fund-pantera-invest-in-defi-investment-bank-ondo-finance,Reliable secondary,Directly states the $20 million round amount.
LINK-FOUNDERS,Founder identity,Chainlink Block Stories — founders,,https://chain.link/block-stories,Primary / project site,Sergey Nazarov and Steve Ellis.
BINANCE-PRIVATE-CONTEXT,Private valuation context,Sacra — Binance valuation,2025-03-01,https://sacra.com/c/binance-holdings-ltd/,Secondary / private-market estimate,Context only; do not combine with BNB market cap absent a double-count bridge.
BTC-FAIR-LAUNCH,Capital,bitcoin capital source,2009-01-03,https://bitcoin.org/bitcoin.pdf,Primary / protocol history,Fair launch; no primary capital raise identified.
ETH-CROWDSALE,Capital,ethereum capital source,2014-09-02,https://ethereum.org/en/history/,Needs full reconciliation,Approximate USD proceeds; reconcile BTC proceeds at transaction dates and any other external financing.
BNB-ICO,Capital,bnb capital source,2017-07-21,https://academy.binance.com/en/articles/what-is-bnb,Needs full reconciliation,Does not establish complete Binance corporate financing history.
TRON-ICO,Capital,tron capital source,2017-09-02,https://tron.network/static/doc/white_paper_v_2_0.pdf,Needs full reconciliation,Verify exact proceeds and any equity/company financing.
HYPE-SELF-FUNDED,Capital,hyperliquid capital source,,https://hyperfoundation.org/,Needs full reconciliation,"Self-funded/no-VC claim needs a complete, primary-source capital-history citation."
DOGE-FAIR-LAUNCH,Capital,dogecoin capital source,2013-12-06,https://dogecoin.com/dogepedia/articles/history-of-dogecoin/,Primary / protocol history,Fair launch; no team token sale identified.
ADA-ICO,Capital,cardano capital source,2017-01-01,https://www.cardano.org/about-us/,Needs full reconciliation,Approximate total; reconcile sale tranches and any company financing.
LINK-ICO,Capital,chainlink capital source,2017-09-19,https://chain.link/whitepaper,Needs full reconciliation,Reconcile any equity financing.
XLM-STRIPE,Capital,Stellar $3M Stripe loan,2017-01-01,https://stellar.org/foundation/mandate/2017,Primary / foundation mandate,Directly states the $3 million loan and repayment in 2 billion lumens; charitable contributions and other funding remain unreconciled.
LTC-FAIR-LAUNCH,Capital,litecoin capital source,2011-10-13,https://litecoin.org/,Primary / protocol history,Fair launch; no team token sale identified.
HBAR-SALES,Capital,Hedera 2017-2018 funding,2019-01-01,https://hedera.com/blog/hedera-january-update-on-business-operations-and-saft-amendment-proposal/,Primary / company announcement,Directly states approximately $124 million raised from December 2017 through August 2018; later purchase agreements remain unreconciled.
AVAX-EARLY-SALES,Capital,Avalanche seed private and public sales,2020-07-15,https://messari.io/report/avalanche-avax-token-sale-sells-out,Reliable secondary,Reports $5.94 million seed $12.45 million private and $42 million public token sales; entity scope and overlap require review.
AVAX-2021-SALE,Capital,Avalanche $230M private token sale,2021-09-16,https://www.avax.network/about/blog/polychain-and-three-arrows-capital-lead-230m-investment-in-avalanche,Primary / project announcement,Directly states the $230 million private token sale.
AVAX-2024-SALE,Capital,Avalanche $250M locked-token sale,2024-12-12,https://www.avax.network/about/press/avalanche-momentum-accelerates-as-galaxy-dragonfly-and-parafi-lead-250m-investment-in-support-of-avalanche9000-upgrade,Primary / project announcement,Directly states the $250 million locked-token sale; entity scope remains under review.
NEAR-2022-ROUND,Capital,NEAR $150M funding round,2022-01-13,https://medium.com/nearprotocol/near-raises-150m-to-help-accelerate-mass-adoption-of-web3-f93eb106dbb1,Primary / company announcement,Directly states the $150 million round amount; earlier rounds remain unresolved.
DOT-ICO,Capital,polkadot capital source,2017-10-17,https://polkadot.com/blog/polkadot-network-launch,Needs full reconciliation,Add later token sales and external financing.
ICP-FUNDING,Capital,internet-computer capital source,2018-08-29,https://dfinity.org/foundation,Needs full reconciliation,Approximate cumulative amount; reconcile each primary round.
DOGE-DIVESTED,Founder holdings,Billy Markus open letter,2021-02-08,https://www.reddit.com/r/dogecoin/comments/lfl5iz/true_value_an_open_letter_from_billy_markus/,Founder statement,Historical divestment statement only; does not prove a current zero balance or complete address set.
LTC-DIVESTED,Founder holdings,Charlie Lee divestment announcement,2017-12-20,https://www.reddit.com/r/litecoin/comments/7kzw6q/,Founder statement,Declaration-based; not a complete wallet audit.
CIRCLE-PROXY-2026,Founder ownership,Circle 2026 proxy statement,2026-04-01,https://www.sec.gov/Archives/edgar/data/1876042/000187604226000112/crcl-20260401.htm,Primary / SEC filing,"Reports Jeremy Allaire beneficial ownership as of 2026-03-16; reconcile later transactions, Sean Neville, derivatives, and the ranking snapshot."
CIRCLE-FORM4-2026,Founder ownership,Circle Jeremy Allaire Form 4,2026-05-15,https://www.sec.gov/Archives/edgar/data/1876042/000187604226000156/xslF345X06/wk-form4_1778879135.xml,Primary / SEC filing,Candidate transaction evidence after the proxy record date; not a complete founder-unit reconciliation.
FIGURE-PROXY-2026,Founder ownership,Figure 2026 proxy statement,2026-04-24,https://www.sec.gov/Archives/edgar/data/2064124/000206412426000020/figr-20260424.htm,Primary / SEC filing,"Reports Michael Cagney beneficial ownership; reconcile June Ou, derivatives, later transactions, and the ranking snapshot."
FIGURE-FORM4-2026,Founder ownership,Figure Mike Cagney Form 4,2026-03-05,https://www.sec.gov/Archives/edgar/data/1764897/0001493152-26-009012-index.html,Primary / SEC filing,Candidate transaction evidence; not a complete founder-unit reconciliation.
GALAXY-PROXY-2026,Founder ownership,Galaxy Digital 2026 proxy statement,2026-04-08,https://www.sec.gov/Archives/edgar/data/1859392/000185939226000037/glxy-20260408.htm,Primary / SEC filing,Candidate beneficial-ownership evidence; reconcile classes and derivatives against later transactions and the ranking snapshot.
GALAXY-FORM4-2026,Founder ownership,Galaxy Michael Novogratz Form 4,2026-05-14,https://www.sec.gov/Archives/edgar/data/1380615/000162828026035221/xslF345X06/wk-form4_1778793846.xml,Primary / SEC filing,Reports 190465103 Class B shares after a charitable gift; reconcile all founder interests and conversion economics.
SUI-ALLOCATION,Founder holdings,Sui token allocation,2022-12-14,https://blog.sui.io/sui-token-allocation/,Primary / project site,Allocation evidence only; does not identify current founder-controlled wallets or balances.
SUI-SUPPLY,Supply,Sui token supply,2023-05-03,https://www.sui.io/blog/understanding-sui-token-supply,Primary / project site,Supply and lockup context only; does not establish current founder ownership.
AVAX-TOKENOMICS,Supply,Avalanche AVAX token documentation,,https://docs.avax.network/docs/primary-network/avax-token,Primary / project documentation,Supply mechanics only; does not establish current founder-controlled wallets or balances.
HBAR-ECONOMICS-2020,Founder holdings,Hedera HBAR economics paper,2020-06-03,https://hedera.com/wp-content/uploads/2025/11/hh-hbar-coin-economics-paper-060320-v6.pdf,Primary / project paper,"Historical allocation evidence; the paper says allocations may not reflect current ownership, so it cannot prove current founder holdings."
HBAR-TREASURY,Founder holdings,Hedera treasury management report,,https://hedera.com/blog/introducing-the-hedera-treasury-management-report/,Primary / project site,Treasury context only; reconcile report data to current founder-controlled wallets and the ranking snapshot.
BTC-LERNER-PATOSHI,Founder holdings,Sergio Lerner Patoshi analysis,2013-04-17,https://bitslog.com/2013/04/17/the-well-deserved-fortune-of-satoshi-nakamoto/,Technical research,Candidate probabilistic attribution evidence; requires a named-block balance snapshot and independent caveat.
BTC-BITMEX-PATOSHI-REVIEW,Founder holdings,BitMEX review of the one-million-BTC claim,2018-08-20,https://www.bitmex.com/blog/satoshis-1-million-bitcoin,Reliable secondary,Independent caveat on single-miner attribution; does not establish complete beneficial ownership.
ETH-SALE-ANNOUNCEMENT,Capital raised,Ethereum ether sale announcement,2014-07-22,https://blog.ethereum.org/2014/07/22/launching-the-ether-sale,Primary / project site,Candidate sale terms and endowment evidence; proceeds still require transaction-level reconciliation.
ETH-FOUNDATION-REPORT-2024,Founder holdings,Ethereum Foundation 2024 report,2024-11-08,https://ethereum.foundation/report-2024.pdf,Primary / foundation report,Candidate Foundation asset evidence; not an exhaustive founder or Foundation address inventory.
ETH-TREASURY-POLICY-2025,Founder holdings,Ethereum Foundation treasury policy,2025-06-04,https://blog.ethereum.org/2025/06/04/ef-treasury-policy,Primary / foundation policy,Candidate treasury-policy evidence; snapshot balances and controlled addresses remain unresolved.
BNB-SEC-2023,Capital raised,SEC complaint against Binance and Zhao,2023-06-05,https://www.sec.gov/files/litigation/complaints/2023/comp-pr2023-101.pdf,Primary / regulator filing,Candidate genesis allocation and vesting evidence; allegations are not current balance evidence.
BNB-TEAM-BURN,Founder holdings,Binance team-token burn statement,2019-07-12,https://www.binance.com/en/blog/from-our-ceo/binance-2nd-anniversary-ama-with-cz-highlights-356368491677929472,Primary / company statement,Candidate burn treatment; verify execution and avoid inferring current founder balances.
BNB-POR,Founder holdings,Binance proof of reserves,,https://www.binance.com/en/proof-of-reserves,Primary / company disclosure,Custody evidence only; customer reserves must not be treated as company or founder ownership.
XRP-HOLDINGS-2026,Founder holdings,Ripple XRP holdings disclosure,2026-06-30,https://ripple.com/xrp/,Primary / company disclosure,Candidate company and escrow balance evidence; reconcile to the ranking snapshot and separate founder holdings.
XRP-SEC-2020,Capital raised,SEC complaint against Ripple,2020-12-22,https://www.sec.gov/files/litigation/complaints/2020/comp-pr2020-338.pdf,Primary / regulator filing,Candidate original allocation and historical sales evidence; allegations require claim-specific treatment.
SOL-TRANSPARENCY,Founder holdings,Solana Foundation transparency reports,,https://solana.com/news/solana-foundation-transparency-reports,Primary / foundation report,Candidate allocation and unlock evidence; not a current founder or Foundation wallet inventory.
SOL-COINLIST,Capital raised,Solana CoinList sale,,https://coinlist.co/solana,Primary / sale platform,Candidate token-sale evidence; reconcile proceeds and unlock treatment with the complete ledger.
COIN-SEC-SUBMISSIONS,Founder ownership,Coinbase SEC filing feed,,https://data.sec.gov/submissions/CIK0001679788.json,Primary / SEC data,Candidate filing index for rolling proxy ownership through every later Form 4.
TRON-SEC-2026,Founder holdings,SEC amended complaint concerning TRON and Justin Sun,2026-01-01,https://www.sec.gov/files/litigation/complaints/2026/comp26496.pdf,Primary / regulator filing,Candidate allocation and control allegations; not current wallet inventory evidence.
TRON-SEC-2023,Capital raised,SEC complaint concerning TRON and Justin Sun,2023-03-22,https://www.sec.gov/files/litigation/complaints/2023/comp-pr2023-59.pdf,Primary / regulator filing,Candidate historical sales evidence; complete proceeds and current control remain unresolved.
HYPE-FOUNDATION,Founder holdings,Hyper Foundation tokenomics,,https://hyperfoundation.org/,Primary / foundation site,Candidate allocation evidence; no exhaustive founder or Foundation address inventory.
HYPE-FOUNDER-PROFILE,Capital raised,Hyperliquid founder profile,,https://colossus.com/article/beyond-the-sky-jeffrey-yan-hyperliquid/,Founder interview,Candidate no-VC history; accepted zero still depends on reviewed scope and completeness.
HYPE-ALLOCATION,Founder holdings,Hyperliquid allocation summary,,https://www.binance.com/en/square/post/16848770325514,Secondary,Candidate allocation context only; does not establish current beneficial ownership.
DOGE-DIVESTMENT-SUMMARY,Founder holdings,Billy Markus divestment report,2021-02-09,https://africa.businessinsider.com/markets/dogecoins-creator-sold-all-his-coins-6-years-ago-after-getting-laid-off-and-says-he/75zfvyb,Reliable secondary,Corroborates a historical statement only; not proof of a current zero balance.
LINK-SEC-ALLOCATION,Capital raised,SEC fund disclosure for LINK allocation,2026-01-01,https://www.sec.gov/Archives/edgar/data/1852025/000119312526104216/glnk-20251231.htm,Primary / SEC filing,Candidate genesis allocation and sale evidence; current wallet attribution remains unresolved.
LINK-RESERVE-DISCLOSURE,Founder holdings,SEC disclosure concerning the Chainlink Reserve,2026-01-01,https://www.sec.gov/Archives/edgar/data/2082889/000119312526117419/clnk-20251231.htm,Primary / SEC filing,Candidate reserve evidence; not a complete founder or treasury address inventory.
LINK-WHITEPAPER,Capital raised,Chainlink whitepaper,,https://chain.link/whitepaper,Primary / project paper,Protocol and allocation context only; reconcile against transaction-level financing evidence.
ADA-GENESIS,Capital raised,Cardano genesis accounting,,https://cardano.org/genesis/,Primary / project site,Candidate sale-tranche and launch-allocation evidence; requires reproducible BTC-to-USD treatment and scope review.
ADA-REDEMPTION,Capital raised,IOG ADA redemption audit,,https://www.iog.io/news/an-update-on-cardano-s-ada-redemption-program,Primary / company disclosure,Candidate redemption evidence; does not establish current founder ownership.
ADA-FOUNDATION-REPORTS,Founder holdings,Cardano Foundation reports,,https://cardanofoundation.org/reports,Primary / foundation reports,Candidate foundation evidence; founder-controlled wallets and corporate financing remain separate gaps.
XLM-MANDATE-2019,Founder holdings,Stellar Development Foundation mandate and accounts,2019-01-01,https://stellar.org/foundation/mandate/2019,Primary / foundation disclosure,Candidate SDF account inventory; snapshot balances do not establish personal founder holdings.
XLM-LUMEN-ACCOUNTING,Supply,Stellar lumen accounting documentation,,https://developers.stellar.org/docs/learn/fundamentals/lumens,Primary / project documentation,Candidate supply and burn evidence; use a named ledger and timestamp.
XLM-QUARTERLY-REPORTS,Founder holdings,Stellar quarterly reports,,https://stellar.org/quarterly-reports,Primary / foundation reports,Candidate reconciliation evidence for SDF accounts and distributions.
CANTON-COIN-DESIGN,Capital raised,Canton Coin reward design,,https://www.canton.network/blog/canton-coin-rewarding-utility,Primary / project site,Candidate evidence that Canton Coin is earned rather than preallocated; ranked-unit scope still requires resolution.
DIGITAL-ASSET-HISTORY,Capital raised,Digital Asset company history,,https://www.digitalasset.com/about,Primary / company site,Candidate company-scope evidence; not a complete financing ledger.
DIGITAL-ASSET-2021-ROUND,Capital raised,Digital Asset 2021 growth round,2021-04-21,https://www.globenewswire.com/news-release/2021/04/21/2214058/0/en/digital-asset-raises-120-million-growth-round-to-expand-daml-data-network.html,Primary / company release,Candidate $120M financing event; reconcile earlier rounds and entity scope.
DIGITAL-ASSET-2025-ROUND,Capital raised,Digital Asset 2025 financing,2025-06-24,https://blog.digitalasset.com/press-release/digital-asset-raises-135-million-to-accelerate-adoption-of-canton-network,Primary / company release,Candidate $135M financing event; complete ledger remains unresolved.
DIGITAL-ASSET-2026-ROUND,Capital raised,Digital Asset 2026 financing,2026-06-01,https://blog.digitalasset.com/press-release/digital-asset-355m-funding-canton-capital-markets,Primary / company release,Candidate $355M financing event; complete ledger remains unresolved.
FIGURE-SERIES-B,Capital raised,Figure Series B,2019-02-27,https://www.prnewswire.com/news-releases/figure-technologies-inc-raises-65-million-in-series-b-funding-to-fuel-continued-lending-and-blockchain-growth-300803348.html,Primary / company release,Candidate cumulative and Series B evidence; use Form D filings for exact proceeds.
FIGURE-SERIES-D,Capital raised,Figure Series D,2021-05-20,https://www.businesswire.com/news/home/20210520005738/en/Figure-Raises-%24200-Million-Series-D-Co-Led-by-10T-Holdings-and-Morgan-Creek-Digital,Primary / company release,Candidate $200M event; complete pre-listing ledger requires exact filings.
GALAXY-REORGANIZATION,Capital raised,Galaxy reorganization filing,2025-04-01,https://www.sec.gov/Archives/edgar/data/1859392/000162828025015309/galaxydigitalinc-sx4a7.htm,Primary / SEC filing,Candidate structure and financing evidence; avoid double counting paired voting shares and LP units.
BOC-FX,Foreign exchange,Bank of Canada Valet API,,https://www.bankofcanada.ca/valet-api-how-to/,Primary / central bank API,Use event-date FX for Canadian-dollar financing events with stored reproducible inputs.
GALAXY-INITIAL-CAPITAL,Capital raised,Galaxy initial capitalization disclosure,,https://investor.galaxy.com/static-files/a20d9ff8-ae98-4b5e-a8c7-817b930caa76,Primary / company filing,Candidate $242M outside-investor event; exclude founder-contributed assets and verify cutoff.
GALAXY-PIPE,Capital raised,Galaxy PIPE disclosure,,https://investor.galaxy.com/static-files/d8f3dea1-8d71-4e07-bc1d-5f58b90b94de,Primary / company filing,Candidate $50M PIPE event; reconcile currency and listing cutoff.
GALAXY-2025-INVESTMENT,Capital raised,Galaxy 2025 strategic investment,2025-10-13,https://investor.galaxy.com/news-releases/news-release-details/galaxy-announces-460-million-strategic-investment-leading-asset,Primary / company release,Candidate event with primary and secondary components; include only qualifying primary capital within cutoff.
LTC-LAUNCH,Capital raised,Litecoin launch announcement,2011-10-09,https://bitcointalk.org/index.php?topic=47417.0,Founder statement,Candidate fair-launch evidence including technical early-block issuance; requires reviewed zero-capital event.
LTC-DIVESTMENT-REPORT,Founder holdings,Charlie Lee divestment report,2017-12-20,https://techcrunch.com/2017/12/20/litecoin-charlie-lee-conflict-of-interest/,Reliable secondary,Historical divestment statement only; not proof of a current zero or complete address set.
HBAR-2021-PURCHASE,Capital raised,Hedera 2021 purchase agreement,2021-12-01,https://hedera.com/blog/q4-2021-distribution-for-saft-exchange-offer-participants/,Primary / project site,Candidate later purchase-agreement evidence; reconcile all proceeds and distributions.
AVAX-2020-PUBLIC-SALE,Capital raised,Avalanche 2020 public sale,2020-07-15,https://medium.com/avalancheavax/avalanche-raises-42m-in-4-5-hours-for-its-first-public-sale-d09362bf3efc,Primary / project release,Candidate $42M public-sale event; reconcile with other components without double counting.
AVAX-2020-PRIVATE-EQUITY,Capital raised,Ava Labs private token and equity financing,2020-06-25,https://www.coindesk.com/tech/2020/06/25/base-layer-wars-heat-up-with-another-12m-committed-to-ava-labs-avalanche-blockchain,Reliable secondary,Candidate $12M token and approximately $6M equity evidence; verify entity scope and exact proceeds.
SUI-TOKEN-SCHEDULE,Supply,Sui token schedule,,https://www.sui.io/token-schedule,Primary / project site,Candidate supply and release evidence; does not establish current founder or Foundation ownership.
