rank,project,prior_score,prior_confidence,recalculated_score,recalculated_confidence,ownership_evidence_status,capital_evidence_status,additional_evidence_ids,additional_evidence_urls,accepted_change,remaining_limiter,upper_estimate
1,Bitcoin,65,Medium,65,Medium,Unknown,Unknown,CRYPTO-RANK-API|CRYPTO-RANK-UNLOCKS,https://api.cryptorank.io/v2/documentation/|https://cryptorank.io/token-unlock,Added market/supply discovery sources; no gate closed,Complete founder/affiliate holdings register and reconciled outside-capital ledger,true
2,Ethereum,60,Low,60,Low,Unknown,Unknown,CRYPTO-RANK-API|TOKENOMIST-OVERVIEW|TOKENOMIST-API,https://api.cryptorank.io/v2/documentation/|https://docs.tokenomist.ai/overview|https://docs.tokenomist.ai/api-documents/introduction,Added market/allocation discovery sources; no gate closed,Complete founder/affiliate holdings register and reconciled outside-capital ledger,true
3,BNB,55,Low,55,Low,Unknown,Unknown,BNB-SEC-S1A3|CRYPTO-RANK-UNLOCKS|DEFILLAMA-RAISES,https://www.sec.gov/Archives/edgar/data/2106762/000119312526254665/bnb_s-1_amendment_3.htm|https://cryptorank.io/token-unlock|https://defillama.com/raises?chain=None,Added SEC allocation and specialist funding-discovery sources; no gate closed,Complete founder/affiliate holdings register and reconciled outside-capital ledger,true
4,XRP,65,Medium,65,Medium,Unknown,Unknown,XRP-GRAYSCALE-10K|XRP-SEC-8K-2024|DEFILLAMA-RAISES,https://www.sec.gov/Archives/edgar/data/2037427/000119312526104419/424b3_gxrp_10-k_12312025.htm|https://www.sec.gov/Archives/edgar/data/1729997/000095017024002470/gdlc-20240104.htm|https://defillama.com/raises?chain=None,Added SEC founder/holding context and funding discovery; no gate closed,Complete founder/affiliate holdings register and reconciled outside-capital ledger,true
5,Solana,65,Medium,65,Medium,Unknown,Accepted,CRYPTO-RANK-UNLOCKS|TOKENOMIST-OVERVIEW|DEFILLAMA-RAISES,https://cryptorank.io/token-unlock|https://docs.tokenomist.ai/overview|https://defillama.com/raises?chain=None,Added allocation/funding discovery sources; accepted capital gate unchanged,Complete founder/affiliate holdings register; other outside capital remains unresolved,true
6,Coinbase,98,High,98,High,Accepted,Accepted,CRYPTO-RANK-API|DEFILLAMA-RAISES,https://api.cryptorank.io/v2/documentation/|https://defillama.com/raises?chain=None,Added specialist funding-discovery sources; existing high gates unchanged,None beyond existing high-confidence gates; refresh later filings for current snapshot,false
7,TRON,60,Low,60,Low,Unknown,Unknown,CRYPTO-RANK-UNLOCKS|DEFILLAMA-RAISES,https://cryptorank.io/token-unlock|https://defillama.com/raises?chain=None,Added supply and funding discovery sources; no gate closed,Complete founder/affiliate holdings register and reconciled outside-capital ledger,true
8,Circle,98,High,98,High,Accepted,Accepted,CRYPTO-RANK-API|DEFILLAMA-RAISES,https://api.cryptorank.io/v2/documentation/|https://defillama.com/raises?chain=None,Added specialist funding-discovery sources; existing high gates unchanged,None beyond existing high-confidence gates; refresh later filings for current snapshot,false
9,Hyperliquid,60,Low,60,Low,Unknown,Unknown,HYPE-SEC-S1A4|HYPE-SEC-S1A1|TOKENOMIST-OVERVIEW|DEFILLAMA-RAISES,https://www.sec.gov/Archives/edgar/data/2107730/000119312526243167/hype_s-1_amendment_4.htm|https://www.sec.gov/Archives/edgar/data/2107730/000119312526163263/hype_s-1_amendment_1.htm|https://docs.tokenomist.ai/overview|https://defillama.com/raises?chain=None,Added SEC allocation and funding evidence; no gate closed,SEC explicitly reports no comprehensive holder registry; complete founder register and capital ledger,true
10,Dogecoin,65,Medium,65,Medium,Unknown,Unknown,DOGE-TRANSPARENCY|CRYPTO-RANK-API,https://blockworks.com/token-transparency/filing/dogecoin|https://api.cryptorank.io/v2/documentation/,Added transparency and market-discovery evidence; no gate closed,Complete creator address attestation and capital evidence,true
11,Chainlink,65,Medium,65,Medium,Unknown,Unknown,TOKENOMIST-OVERVIEW|TOKENOMIST-API|DEFILLAMA-RAISES,https://docs.tokenomist.ai/overview|https://docs.tokenomist.ai/api-documents/introduction|https://defillama.com/raises?chain=None,Added allocation and funding discovery sources; no gate closed,Complete founder/affiliate holdings register and reconciled capital ledger,true
12,Cardano,60,Low,60,Low,Unknown,Unknown,ADA-SEC-COMPLAINT|TOKENOMIST-OVERVIEW|DEFILLAMA-RAISES,https://www.sec.gov/file/comp-pr2023-237|https://docs.tokenomist.ai/overview|https://defillama.com/raises?chain=None,Added SEC historical sale and specialist funding/allocation evidence; no gate closed,Complete founder/affiliate holdings register and reconciled outside-capital ledger,true
13,Stellar,58,Low,58,Low,Unknown,Unknown,CRYPTO-RANK-API|TOKENOMIST-OVERVIEW|DEFILLAMA-RAISES,https://api.cryptorank.io/v2/documentation/|https://docs.tokenomist.ai/overview|https://defillama.com/raises?chain=None,Added market/allocation/funding discovery sources; no gate closed,Complete founder/affiliate holdings register and reconciled outside-capital ledger,true
14,Canton,42,Low,42,Low,Unknown,Unknown,CANTON-FAQ|CANTON-2025-FUNDING|DEFILLAMA-RAISES,https://www.canton.network/faq|https://www.canton.network/canton-network-press-releases/digital-asset-raises-135-million-to-accelerate-adoption-of-canton-network?hs_amp=true|https://defillama.com/raises?chain=None,Added issuer token-design and sponsor-funding evidence; no gate closed,Founder attribution detail; complete holder register; and capital ledger,true
15,Figure,70,Medium,70,Medium,Accepted,Unknown,FIGURE-PROXY-2026|DEFILLAMA-RAISES,https://www.sec.gov/Archives/edgar/data/2064124/000206412426000020/figr-20260424.htm|https://defillama.com/raises?chain=None,Added current SEC ownership evidence; capital/snapshot gate unchanged,Complete capital ledger and post-May share-count reconciliation,true
16,Galaxy Digital,65,Medium,65,Medium,Accepted,Unknown,GALAXY-PROXY-2026|DEFILLAMA-RAISES,https://www.sec.gov/Archives/edgar/data/1859392/000185939226000037/glxy-20260408.htm|https://defillama.com/raises?chain=None,Added current SEC ownership evidence and funding discovery; capital/snapshot gate unchanged,Complete capital ledger and share-count changes after May 5,true
17,Litecoin,65,Medium,65,Medium,Unknown,Unknown,LTC-GRAYSCALE-10K|CRYPTO-RANK-API,https://www.sec.gov/Archives/edgar/data/1732406/000173240625000005/ltcn-20250630.htm|https://api.cryptorank.io/v2/documentation/,Added SEC negative evidence and market-discovery source; no gate closed,Complete founder address attestation and reconciled outside-capital ledger,true
18,Hedera,58,Low,58,Low,Unknown,Unknown,HBAR-SEC-10K|HBAR-TREASURY,https://www.sec.gov/Archives/edgar/data/2039458/000199937126007353/hbar-10k_123125.htm|https://hederacouncil.org/treasury,Added SEC allocation and current treasury evidence; no gate closed,Complete founder/affiliate holdings register and reconciled outside-capital ledger,true
19,Avalanche,60,Low,60,Low,Unknown,Unknown,AVAX-SEC-S1A6|CRYPTO-RANK-UNLOCKS|DEFILLAMA-RAISES,https://www.sec.gov/Archives/edgar/data/2035053/000119312526096950/avax_s-1_amendment_6.htm|https://cryptorank.io/token-unlock|https://defillama.com/raises?chain=None,Added SEC allocation and specialist supply/funding evidence; no gate closed,Complete founder/affiliate holdings register; other outside capital remains unresolved,true
20,Sui,65,Medium,65,Medium,Unknown,Accepted,SUI-TOKEN-SCHEDULE|TOKENOMIST-OVERVIEW|DEFILLAMA-RAISES,https://www.sui.io/token-schedule|https://docs.tokenomist.ai/overview|https://defillama.com/raises?chain=None,Added issuer allocation and specialist funding evidence; accepted capital gate unchanged,Complete founder/affiliate holdings register; other outside capital remains unresolved,true
